{"unit": "GWh", "seasons": [{"season": "Hiver", "values": {"Hydraulique": 16300.1245, "Eolien": 12177.91475, "Solaire": 3081.558, "Bioenergies": 1719.91975}}, {"season": "Printemps", "values": {"Hydraulique": 15180.80675, "Eolien": 11102.44875, "Solaire": 8719.58075, "Bioenergies": 2110.35}}, {"season": "Ete", "values": {"Hydraulique": 12071.3245, "Eolien": 8070.39375, "Solaire": 11445.87425, "Bioenergies": 2101.79425}}, {"season": "Automne", "values": {"Hydraulique": 13353.81375, "Eolien": 14353.85825, "Solaire": 6311.06325, "Bioenergies": 2085.43725}}]}